indicatorSlug,indicatorTitle,indicatorDescription,descriptionlen,indicatorCategory,parent,unit,datasource,Dataset Link,IDS_dataSpace,visible_on_platform,updateFreq,used_for_model,District Level Aggregation,adminLevel,cumulativeIndicator,License,State (Owned),Comments,Comments
risk-score,Composite Flood Risk,"Composite flood risk is a function of - hazard, vulnerability, exposure, and coping capacity (government response)
 Click a district to understand factors contributing to flood risk.",181,Composite Flood Risk,,Score,MODEL,,,y,,y,,,,,,,
topsis-score,Topsis model output,Output score of the topsis model. Useful for knowing the exact risk score value for ranking geographies by actual risk. Not for external use,140,Composite Flood Risk,Composite Flood Risk,Score,MODEL,,,n,monthly,y,,,,,,,
flood-hazard,Hazard,"Hazard includes the historical incidences of flood , as well as the geophysical properties of the environment that increases the likelihood of a disaster",153,Hazard,Composite Flood Risk,Score,MODEL,,,y,monthly,y,,,,,,"30-May: Add ""Score""","30-May: Add ""Score"""
max-rain,Maximum rainfall value in the region,Maximum rainfall value in the region,36,Hazard,Hazard,mm,IMD,https://www.imdpune.gov.in/cmpg/Griddata/Rainfall_25_Bin.html,https://civicdataspace.in/datasets/16eda4f3-78fa-4702-833f-da332458792c,n,monthly,y,max,,,GODL,,,
mean-rain,Mean rainfall value in the region,Mean rainfall value in the region,33,Hazard,Hazard,mm,IMD,https://www.imdpune.gov.in/cmpg/Griddata/Rainfall_25_Bin.html,https://civicdataspace.in/datasets/16eda4f3-78fa-4702-833f-da332458792c,n,monthly,y,mean,,,GODL,,,
sum-rain,Total Monthly Rainfall,This is the total rainfall (in mm) in the region during the given month,71,Hazard,Hazard,mm,IMD,https://www.imdpune.gov.in/cmpg/Griddata/Rainfall_25_Bin.html,https://civicdataspace.in/datasets/16eda4f3-78fa-4702-833f-da332458792c,y,monthly,,sum,,,GODL,,30-May: Round off (no decimal),30-May: Round off (no decimal)
elevation-mean,Mean Elevation,This indicates the elevation of the selected area from mean sea level.,70,Hazard,Hazard,m,NASADEM,,https://civicdataspace.in/datasets/a33c6e71-fd59-4b57-b033-00c9bae34a9a,y,one-time,,mean,,,,30-May: Round off 2 decimal points,,
inundation-pct,Percentage Area Inundated,Percentage area of the region detected as inundated,51,Hazard,Hazard,Ratio,BHUVAN,https://bhuvan-app1.nrsc.gov.in/disaster/disaster.php?id=flood,https://civicdataspace.in/datasets/2c10ed21-6f6b-4f58-83dc-5406fb048e25,n,monthly,N,,,,GNU General Public License,,,
inundation-intensity-mean,Sum of inundation intensities,"Intensity is calculated by dividing number of times a pixel got inundated with the maximum number of times any pixel got inundated in the region. For instance, if a pixel A in region got inundated 5 times in a month and the pixel with maximum inundation saw 10 days of inundation. Then inundation intensity of pixel A is 5/10 = 0.5. This variable then calculates mean of inundation intensities of all pixels.",408,Hazard,Hazard,Number,BHUVAN,https://bhuvan-app1.nrsc.gov.in/disaster/disaster.php?id=flood,https://civicdataspace.in/datasets/2c10ed21-6f6b-4f58-83dc-5406fb048e25,n,monthly,,,,,GNU General Public License,,,
inundation-intensity-mean-nonzero,Mean intensity of inundation (removing 0 intensity pixels),Mean of inundation intensities of all pixels which were inundated atleast once in the month,91,Hazard,Hazard,Number,BHUVAN,https://bhuvan-app1.nrsc.gov.in/disaster/disaster.php?id=flood,https://civicdataspace.in/datasets/2c10ed21-6f6b-4f58-83dc-5406fb048e25,y,monthly,y,mean,,,GNU General Public License,,,
exposure,Exposure,"The people, infrastructure, housing, production capacities, and other tangible human assets located in hazard-prone areas",121,Exposure,Composite Flood Risk,Score,MODEL,,,y,monthly,y,,,,,,,
total-hhd,Total Number of Households,This is the total number of households as assets.,49,Exposure,Exposure,Number,MISSION ANTYODAYA 2020,,,y,annually,y,sum,,,GODL,,"30-May: no unit, round off (no decimals)","30-May: no unit, round off (no decimals)"
sum-population,Population,This is the total number of people residing in the region,57,Exposure,Exposure,Number,WORLDPOP,,,y,annually,y,sum,,,Creative Commons Attribution 4.0 International License,,"30-May: Remove population (not necessary since households number takes care of it)
 Keep sex ratio: add a row for this - no unit, round off to 2 decimal points","30-May: Remove population (not necessary since households number takes care of it)
Keep sex ratio: add a row for this - no unit, round off to 2 decimal points"
vulnerability,Vulnerability,The socio-economic and environmental vulnerabilities which can increase the impact of a hazard on a community. Also includes actual disaster impact as losses and damages.,170,Vulnerability,Composite Flood Risk,Score,MODEL,,,y,monthly,y,,,,,,"30-May: Add ""Score""","30-May: Add ""Score"""
avg-electricity,Average Availablity of Domestic Electricity,This is the average number of hours of domestic electricity available daily,75,Vulnerability,Vulnerability,hours,MISSION ANTYODAYA 2020,,,y,annually,y,mean,,,GODL,,,
sd-piped-hhds-pct,Percentage of Households with Piped Water Connection,This is a percentage of households with piped water connection,62,Vulnerability,Vulnerability,Ratio,MISSION ANTYODAYA 2020,,,y,annually,y,mean,,,GODL,,,
sd-nosanitation-hhds-pct,Percentage of Households Without Sanitation Facilities,This is the percentage of households without sanitation facilities,66,Vulnerability,Vulnerability,Ratio,MISSION ANTYODAYA 2020,,,y,annually,y,mean,,,GODL,,,
avg-tele,Average availablity of telecom services,Average availablity of telecom services,39,Vulnerability,Vulnerability,category,MISSION ANTYODAYA 2020,,,n,monthly,n,,,,GODL,,,
health-centres-count,Number of Health Centres,This is the number of health centres in the region,50,Vulnerability,Vulnerability,Number,BHARATMAPS,,https://civicdataspace.in/datasets/16eda4f3-78fa-4702-833f-da332458792c,y,annually,y,sum,,,,"30-May: no units, round off - no decimal point",,
schools-count,Number of Schools,This is the number of Schools in the region,43,Vulnerability,Vulnerability,Number,BHARATMAPS,,https://civicdataspace.in/datasets/16eda4f3-78fa-4702-833f-da332458792c,y,annually,y,sum,,,,,,
rail-length,Length of Rail in the Region,This is the length of rail in the region,40,Vulnerability,Vulnerability,km,BHARATMAPS,,https://civicdataspace.in/datasets/16eda4f3-78fa-4702-833f-da332458792c,y,annually,y,sum,,,,,,
road-length,Length of Road,This is the length of road in the region,40,Vulnerability,Vulnerability,km,BHARATMAPS,,https://civicdataspace.in/datasets/16eda4f3-78fa-4702-833f-da332458792c,y,annually,y,sum,,,,,,
mean-sex-ratio,Mean Sex Ratio,This is the number females per 1000 males,41,Vulnerability,Vulnerability,Ratio,WORLDPOP,,https://civicdataspace.in/datasets/cee2015f-850f-4bcc-b35c-9fbe26620b4a,y,annually,y,mean,Creative Commons Attribution 4.0 International License,,,,,
sum-aged-population,Elderly Population,This is the number of people of ages greater than or equal to 65,64,Vulnerability,Vulnerability,Number,WORLDPOP,,https://civicdataspace.in/datasets/cee2015f-850f-4bcc-b35c-9fbe26620b4a,y,annually,y,sum,Creative Commons Attribution 4.0 International License,,,,,
sum-young-population,Children Population,This is the number of people of ages less than or equal to 5,60,Vulnerability,Vulnerability,Number,WORLDPOP,,https://civicdataspace.in/datasets/cee2015f-850f-4bcc-b35c-9fbe26620b4a,y,annually,,,Creative Commons Attribution 4.0 International License,,,,,
government-response,Government Response,"This is the amount of resources as funding available to authorities, helping them respond to a disaster event effectively. For example, procurement or SDRF allocations.",168,Government Response,Composite Flood Risk,Score,MODEL,,,y,monthly,y,,,,,,"30-May: Add ""Score""","30-May: Add ""Score"""
total-tender-awarded-value,Flood Tenders : Total Value ,This is the total value of flood related tenders,48,Government Response,Government Response,INR,assamtenders.gov.in,,https://civicdataspace.in/datasets/f238952e-3e0f-4fa7-8afb-2c0e2b2f698d,y,monthly,y,sum,,total-tender-awarded-value-fy-cumsum,,,"30-May: Add Total Number of Flood Related Tenders above
 No unit","30-May: Add Total Number of Flood Related Tenders above
No unit"
total-tender-awarded-value-fy-cumsum,Flood Tenders : Total Value ,Total value of flood related tenders,36,Government Response,Government Response,INR,assamtenders.gov.in,https://drr.open-contracting.in/en/datasets/4f11d74b-5ed1-41c4-a018-816b05e0547b,,n,monthly,y,sum,,,,,,
sdrf-tenders-awarded-value-fy-cumsum,Flood Tenders Under SDRF : Total value ,This is the total value of tenders that are tagged under State Disaster Response Fund,110,Government Response,Government Response,INR,assamtenders.gov.in,https://drr.open-contracting.in/en/datasets/4f11d74b-5ed1-41c4-a018-816b05e0547b,,n,monthly,y,sum,,,,,,
restoration-measures-tenders-awarded-value-fy-cumsum,Repairs and Restoration Flood Tenders : Total Value  ,This is the total value of all tenders that are tagged towards Repair Restoration Measures,79,Government Response,Government Response,INR,assamtenders.gov.in,https://drr.open-contracting.in/en/datasets/4f11d74b-5ed1-41c4-a018-816b05e0547b,,n,monthly,n,sum,,,,,,
relief-and-mitigation-sanction-value-fy-cumsum,Immediate Measure Flood Tenders : Total Value,This is the total value of tenders that are tagged as Immediate Measures,77,Government Response,Government Response,INR,assamtenders.gov.in,https://drr.open-contracting.in/en/datasets/4f11d74b-5ed1-41c4-a018-816b05e0547b,,n,monthly,n,sum,,,,,,
others-tenders-awarded-value-fy-cumsum,Other Flood Tenders : Total value of Non restoration and Preparedness tenders,This is the total value of flood tenders that could not be tagged to a specific disaster relief activity,177,Government Response,Government Response,INR,assamtenders.gov.in,https://drr.open-contracting.in/en/datasets/4f11d74b-5ed1-41c4-a018-816b05e0547b,,n,monthly,n,sum,,,,,,
sdrf-sanctions-awarded-value-fy-cumsum,State Disaster Relief Funds Allocated District-wise During SEC meetings : Total Value ,This is the total value of SDRF funds sanctioned at the district level.,59,Government Response,Government Response,INR,SEC meeting minutes,https://drr.open-contracting.in/en/datasets/4f11d74b-5ed1-41c4-a018-816b05e0547b,,n,d,y,sum,,,,,,
inundation-intensity-sum,Sum of Inundation Intensities,This is the sum of the inundation intensities of all pixels in the region during the given month.,97,Hazard,Hazard,Number,BHUVAN,https://bhuvan-app1.nrsc.gov.in/disaster/disaster.php?id=flood,https://civicdataspace.in/datasets/2c10ed21-6f6b-4f58-83dc-5406fb048e25,n,monthly,y,sum,,,GNU General Public License,,Aug-2026: Added to cover a column present in the model output but absent from the reference sheet. Read by hazard.py as one of the three flood-hazard input variables.,Aug-2026: Added to cover a column present in the model output but absent from the reference sheet. Read by hazard.py as one of the three flood-hazard input variables.
count-inundated-pixels,Number of Inundated Pixels,This is the number of satellite pixels in the region detected as inundated during the given month.,98,Hazard,Hazard,Number,BHUVAN,https://bhuvan-app1.nrsc.gov.in/disaster/disaster.php?id=flood,https://civicdataspace.in/datasets/2c10ed21-6f6b-4f58-83dc-5406fb048e25,n,monthly,n,sum,,,GNU General Public License,,Aug-2026: Added to cover a column present in the model output but absent from the reference sheet. inundation-pct is this divided by count-bhuvan-pixels.,Aug-2026: Added to cover a column present in the model output but absent from the reference sheet. inundation-pct is this divided by count-bhuvan-pixels.
count-bhuvan-pixels,Number of Satellite Pixels,This is the total number of satellite pixels covering the region in the given month.,84,Hazard,Hazard,Number,BHUVAN,https://bhuvan-app1.nrsc.gov.in/disaster/disaster.php?id=flood,https://civicdataspace.in/datasets/2c10ed21-6f6b-4f58-83dc-5406fb048e25,n,monthly,n,sum,,,GNU General Public License,,Aug-2026: Added to cover a column present in the model output but absent from the reference sheet.,Aug-2026: Added to cover a column present in the model output but absent from the reference sheet.
slope-mean,Mean slope,Mean slope of the region,24,Hazard,Hazard,degrees,NASADEM,,https://civicdataspace.in/datasets/a33c6e71-fd59-4b57-b033-00c9bae34a9a,n,one-time,n,mean,,,,,"Aug-2026: Definition matches Assam, Odisha and Himachal (""Mean slope of the region"" / degrees / NASADEM), but Bihar VALUES ARE NOT USABLE AS DEGREES. Bihar 65.6-88.2 (median 82.9) and Assam 70-90 (median 85) vs Himachal 4.5-35.1 (median 23.2); a median slope of 83 deg is impossible on the Gangetic plain. Ranking is correct (Kaimur/Gaya hills highest, floodplain lowest; corr with elevation +0.398, same sign as Himachal) so this is an inflated-gradient/units problem saturating arctan near 90, not an inversion. visible_on_platform set to n pending re-extraction via ee.Terrain.slope on native NASADEM. Not read by any Bihar factor script, so no risk score is affected.","Aug-2026: Definition matches Assam, Odisha and Himachal (""Mean slope of the region"" / degrees / NASADEM), but Bihar VALUES ARE NOT USABLE AS DEGREES. Bihar 65.6-88.2 (median 82.9) and Assam 70-90 (median 85) vs Himachal 4.5-35.1 (median 23.2); a median slope of 83 deg is impossible on the Gangetic plain. Ranking is correct (Kaimur/Gaya hills highest, floodplain lowest; corr with elevation +0.398, same sign as Himachal) so this is an inflated-gradient/units problem saturating arctan near 90, not an inversion. visible_on_platform set to n pending re-extraction via ee.Terrain.slope on native NASADEM. Not read by any Bihar factor script, so no risk score is affected."
count,Rainfall observation count,Count of source observations aggregated for the region in the given month.,74,Hazard,Hazard,Number,IMD,,,n,monthly,n,sum,,,,,Aug-2026: Added to cover a column present in the model output but absent from the reference sheet. Provenance unconfirmed - sits with the IMD rainfall columns in MASTER_VARIABLES but does not reconcile as sum-rain/mean-rain; zero on 71% of rows. Verify before use.,Aug-2026: Added to cover a column present in the model output but absent from the reference sheet. Provenance unconfirmed - sits with the IMD rainfall columns in MASTER_VARIABLES but does not reconcile as sum-rain/mean-rain; zero on 71% of rows. Verify before use.
rail-count,Number of Rail Segments in the Region,This is the number of rail segments in the region,49,Vulnerability,Vulnerability,Number,BHARATMAPS,,https://civicdataspace.in/datasets/16eda4f3-78fa-4702-833f-da332458792c,n,annually,n,sum,,,,,Aug-2026: Added to cover a column present in the model output but absent from the reference sheet.,Aug-2026: Added to cover a column present in the model output but absent from the reference sheet.
urban-hhd,Urban Households,This is the number of urban households in the region,52,Vulnerability,Vulnerability,Number,MISSION ANTYODAYA 2020,,,n,annually,n,sum,,,GODL,,"Aug-2026: Added to cover a column present in the model output but absent from the reference sheet. total-hhd = urban-hhd + rural-hhd exactly on all 33,579 rows.","Aug-2026: Added to cover a column present in the model output but absent from the reference sheet. total-hhd = urban-hhd + rural-hhd exactly on all 33,579 rows."
rural-hhd,Rural Households,This is the number of rural households in the region,52,Vulnerability,Vulnerability,Number,MISSION ANTYODAYA 2020,,,n,annually,n,sum,,,GODL,,"Aug-2026: Added to cover a column present in the model output but absent from the reference sheet. total-hhd = urban-hhd + rural-hhd exactly on all 33,579 rows.","Aug-2026: Added to cover a column present in the model output but absent from the reference sheet. total-hhd = urban-hhd + rural-hhd exactly on all 33,579 rows."
urban-electricity,Urban Domestic Electricity Availability,Underlying Mission Antyodaya measure of domestic electricity availability across urban households in the region,111,Vulnerability,Vulnerability,,MISSION ANTYODAYA 2020,,,n,annually,n,sum,,,GODL,,"Aug-2026: Added to cover a column present in the model output but absent from the reference sheet. Source column behind avg-electricity; the two are not a simple ratio, derivation unverified.","Aug-2026: Added to cover a column present in the model output but absent from the reference sheet. Source column behind avg-electricity; the two are not a simple ratio, derivation unverified."
urban-tele,Urban Telecom Availability,Underlying Mission Antyodaya measure of telecom service availability across urban households in the region,106,Vulnerability,Vulnerability,,MISSION ANTYODAYA 2020,,,n,annually,n,sum,,,GODL,,Aug-2026: Added to cover a column present in the model output but absent from the reference sheet. Source column behind avg-tele.,Aug-2026: Added to cover a column present in the model output but absent from the reference sheet. Source column behind avg-tele.
urban-hhd-pipe,Urban Households with Piped Water Connection,Underlying Mission Antyodaya count of urban households with a piped water connection,84,Vulnerability,Vulnerability,Number,MISSION ANTYODAYA 2020,,,n,annually,n,sum,,,GODL,,Aug-2026: Added to cover a column present in the model output but absent from the reference sheet. Source column behind sd-piped-hhds-pct.,Aug-2026: Added to cover a column present in the model output but absent from the reference sheet. Source column behind sd-piped-hhds-pct.
urban-no-sanitation,Urban Households Without Sanitation Facilities,Underlying Mission Antyodaya count of urban households without sanitation facilities,84,Vulnerability,Vulnerability,Number,MISSION ANTYODAYA 2020,,,n,annually,n,sum,,,GODL,,Aug-2026: Added to cover a column present in the model output but absent from the reference sheet. Source column behind sd-nosanitation-hhds-pct.,Aug-2026: Added to cover a column present in the model output but absent from the reference sheet. Source column behind sd-nosanitation-hhds-pct.
sdrf-tenders-awarded-value,Flood Tenders Under SDRF : Total value,This is the total value of tenders that are tagged under State Disaster Response Fund in the given month,104,Government Response,Government Response,INR,eproc2.bihar.gov.in,,https://civicdataspace.in/datasets/f238952e-3e0f-4fa7-8afb-2c0e2b2f698d,n,monthly,n,sum,,sdrf-tenders-awarded-value-fy-cumsum,,,"Aug-2026: Monthly counterpart of the -fy-cumsum row. Zero on all 33,579 rows - no data yet.","Aug-2026: Monthly counterpart of the -fy-cumsum row. Zero on all 33,579 rows - no data yet."
restoration-measures-tenders-awarded-value,Repairs and Restoration Flood Tenders : Total Value,This is the total value of all tenders that are tagged towards Repair Restoration Measures in the given month,109,Government Response,Government Response,INR,eproc2.bihar.gov.in,,https://civicdataspace.in/datasets/f238952e-3e0f-4fa7-8afb-2c0e2b2f698d,n,monthly,n,sum,,restoration-measures-tenders-awarded-value-fy-cumsum,,,Aug-2026: Monthly counterpart of the -fy-cumsum row.,Aug-2026: Monthly counterpart of the -fy-cumsum row.
relief-and-mitigation-sanction-value,Immediate Measure Flood Tenders : Total Value,This is the total value of tenders that are tagged as Immediate Measures in the given month,91,Government Response,Government Response,INR,eproc2.bihar.gov.in,,https://civicdataspace.in/datasets/f238952e-3e0f-4fa7-8afb-2c0e2b2f698d,n,monthly,n,sum,,relief-and-mitigation-sanction-value-fy-cumsum,,,Aug-2026: Monthly counterpart of the -fy-cumsum row.,Aug-2026: Monthly counterpart of the -fy-cumsum row.
others-tenders-awarded-value,Other Flood Tenders : Total value of Non restoration and Preparedness tenders,This is the total value of flood tenders that could not be tagged to a specific disaster relief activity in the given month,123,Government Response,Government Response,INR,eproc2.bihar.gov.in,,https://civicdataspace.in/datasets/f238952e-3e0f-4fa7-8afb-2c0e2b2f698d,n,monthly,n,sum,,others-tenders-awarded-value-fy-cumsum,,,Aug-2026: Monthly counterpart of the -fy-cumsum row.,Aug-2026: Monthly counterpart of the -fy-cumsum row.
sdrf-sanctions-awarded-value,State Disaster Relief Funds Allocated District-wise During SEC meetings : Total Value,This is the total value of SDRF funds sanctioned at the district level in the given month,89,Government Response,Government Response,INR,SEC meeting minutes,,,n,monthly,n,sum,,sdrf-sanctions-awarded-value-fy-cumsum,,,"Aug-2026: Monthly counterpart of the -fy-cumsum row. Zero on all 33,579 rows - no data yet.","Aug-2026: Monthly counterpart of the -fy-cumsum row. Zero on all 33,579 rows - no data yet."
preparedness-measures-tenders-awarded-value,Preparedness Measures Flood Tenders : Total Value,This is the total value of all tenders that are tagged towards Preparedness Measures in the given month,103,Government Response,Government Response,INR,eproc2.bihar.gov.in,,https://civicdataspace.in/datasets/f238952e-3e0f-4fa7-8afb-2c0e2b2f698d,n,monthly,n,sum,,,,,Aug-2026: Added to cover a column present in the model output but absent from the reference sheet. No -fy-cumsum column exists for it in the data. Not a distinct column in risk_score_final.csv - topsis_riskscore.py:106 renames it into restoration-measures-tenders-awarded-value there.,Aug-2026: Added to cover a column present in the model output but absent from the reference sheet. No -fy-cumsum column exists for it in the data. Not a distinct column in risk_score_final.csv - topsis_riskscore.py:106 renames it into restoration-measures-tenders-awarded-value there.
